{
    "version": 2,
    "name": "Extruder 2 (T1)",
    "inherits": "fdmextruder",
    "metadata": {
        "machine": [ 
			"makertech_base",
			"makertech_proforge_3"
			
		],
        "position": "1"
    },

    "overrides": {
        "extruder_nr": { "default_value": 1 },
		"material_diameter": { "default_value": 1.75 },
		"machine_nozzle_size": { "default_value": 0.4 },
        "material_diameter": { "default_value": 1.75 },
		"machine_extruder_end_code": { "default_value": "G0 F20000 X{prime_tower_position_x} Y{prime_tower_position_y}" }
		
    }
}


