{
    "version": 2,
	"inherits": "makertech_base",
	"name": "Proforge 2S",
    "metadata": {
	
		"author": "Makertech",
		"visible": true,
        "file_formats": "text/x-gcode",
		"quality_definition": "makertech_base",

        "platform": "proforge2s_platform.stl",
        "platform_offset": [ -229, -276, 119]
		
    },
    "overrides": {
	    "machine_name": { "default_value": "Proforge 2S" },
		"machine_heated_bed": { "default_value": true },
        "gantry_height": { "default_value": 40 },
		"machine_head_with_fans_polygon": { "default_value": [ [ -30, 41 ],[ -30, -41 ],[ 72, 41 ],[ 72, -41 ] ] },
        "machine_height": { "default_value": 300 },
        "machine_depth": { "default_value": 200 },
        "machine_width": { "default_value": 300 },

        "machine_start_gcode": {
		            "default_value": ";----------Proforge 2S Start G-code---------- \nM201 X900 Y900 Z50 E5000 \nM140 S{material_bed_temperature_layer_0} ;Set Bed Temp \nM104 S{material_print_temperature_layer_0} T0; Heat up Hotend 1 (T0) \nM109 S{material_print_temperature_layer_0} T0; Wait for Hotend 1 (T0) \nG28 ;Home \nG29 ;Autolevel Bed \nG1 F8000 X10 Y3 ;Move hotend to bottom left corner \nG1 Z3 ;Move Hotend to assumed Z Home \n  \n; ---Unique to your setup--- \nG92 Z0.0 ;Set Z-offset in 0.1mm incriments (increase if first layer too high, decrease if too low) \n; -------------------------- \n  \nG1 Z{layer_height_0} ;Set to first layer height \nM82 ;absolute extrusion mode \nG92 E0 ;Zero Extruder \nG1 F1500 X290 E12 ;Prime Hotend \n; ----------Proforge 2S Start G-code----------"
        },
        "machine_end_gcode": {
            "default_value": "G91 ;Relative postioning\nG1 Z5 F600 ;Raise Hotend\nG90 ;Absolute postioning\nG28 X Y ;Home and present print\nM104 S0 ;Hotend off\nM140 S0 ;Bed off\nM84 ;Motors off"
        }
		
		}
}
