{
    "version": 2,
	"inherits": "makertech_base",
	"name": "AXIS",
    "metadata": {
		"author": "Makertech",
		"visible": true,
        "file_formats": "text/x-gcode",
		"quality_definition": "makertech_base",
		

        "platform": "axis_platform.stl",
        "platform_offset": [ -207, -84, 197]
		
		
    },
    "overrides": {
	    "machine_name": { "default_value": "AXIS" },
        
        "machine_heated_bed": { "default_value": false },
		"machine_extruders_share_heater": { "default_value": true },
        "gantry_height": { "value": 20 },
		"machine_head_with_fans_polygon": { "default_value": [ [ -50, 32 ],[ -50, -26 ],[ 47, 32 ],[ 47, -26 ] ] },
        "machine_height": { "default_value": 200 },
        "machine_depth": { "default_value": 200 },
        "machine_width": { "default_value": 300 },
		
		"speed_equalize_flow_enabled": { "default_value": true },

		"acceleration_enabled": { "default_value": true },
		"acceleration_print": { "value": 1500 },
		"acceleration_wall": { "value": 700 },
		"acceleration_wall_0": { "value": 600 },
		"acceleration_wall_x": { "value": 800 },
		"acceleration_travel": { "value": 1500 },
		"acceleration_layer_0": { "value": 750 },
		
		"jerk_enabled": { "default_value": true },
		"jerk_print": { "default_value": 5 },
		"jerk_wall": { "value": 3 },
		"jerk_wall_0": { "value": 3 },
		"jerk_wall_x": { "value": 4 },
		"jerk_travel": { "value": 5 },
		"jerk_layer_0": { "value": 3 },
       
        "machine_start_gcode": {
		            "default_value": ";----------AXIS Start G-code---------- \nT0 \nM104 S{material_print_temperature_layer_0} ;Set hotend temp. \nM140 S{material_bed_temperature_layer_0} ;Set bed temp. \nM109 S{material_print_temperature_layer_0} ;Wait for hotend \nM190 S{material_bed_temperature_layer_0} ;Wait for heated bed \nG28 ;Home \nM420 S1 Z4 ;Activate auto-level and set Z-fade. \nG1 F8000 X10 Y3 ;Move hotend to bottom left corner \nG1 Z{layer_height_0} ;Set to first layer height \nM82 ;absolute extrusion mode \nG92 E0 ;Zero Extruder \nG1 F1500 X290 E12 ;Prime Hotend \n; ----------AXIS start G-code----------"
        },
        "machine_end_gcode": {
            "default_value": "G91 ;Relative postioning\nG1 Z5 F600 ;Raise Hotend\nG90 ;Absolute postioning\nG28 X Y ;Home and present print\nM104 S0 ;Hotend off\nM140 S0 ;Bed off\nM84 ;Motors off"
        }
		
		}
}
