{
    "name": "Makertech Base Definition",
    "version": 2,
    "inherits": "fdmprinter",
    "metadata": {
        "visible": false,
        "author": "Makertech",
        "manufacturer": "Makertech 3D",
        "file_formats": "text/x-gcode",
        "first_start_actions": ["MachineSettingsAction"],
		"supports_usb_connection": false,
        
		"machine_extruder_trains": {
            "0": "makertech_extruder_0",
			"1": "makertech_extruder_1"
        },

        "has_materials": true,
        "has_variants": true,
        "has_machine_quality": true,

		"variants_name": "Nozzle",
        "preferred_variant_name": "0.4mm",
		"preferred_material": "generic_pla",
        "preferred_quality_type": "normal"
		
    },
    "overrides": {
        "machine_name": { "default_value": "Makertech Base Printer" },
        "machine_center_is_zero": { "default_value": false },
		"machine_extruder_count": { "default_value": 2 },
		"machine_gcode_flavor": { "default_value": "RepRap (Marlin/Sprinter)" },
		"material_print_temp_wait": { "default_value": false },
        "material_bed_temp_wait": { "default_value": false },
		
		"material_initial_print_temperature": { "value": "material_print_temperature" },
		
		"layer_height_0": { "value": "layer_height * 0.8" },
		"initial_layer_line_width_factor": { "value": 110 },

        "speed_print": { "value": 60.0 } ,
        "line_width": { "value": "machine_nozzle_size*1.1" },

		
		"infill_sparse_density": { "default_value": 20 },
		"infill_pattern": { "default_value": "zigzag" },
		
		"skin_overlap": {"default_value": 10 },
		
		"speed_wall": { "value": "speed_print / 2" },
		"speed_wall_x": { "value": "speed_wall * 1.4" },
		"speed_travel": { "value": "speed_print if magic_spiralize else 80" },
		
		"wall_0_wipe_dist": { "default_value": "machine_nozzle_size * 1.7" },
		"coasting_enable": { "default_value": true },
		"coasting_volume": { "default_value": 0.2 },

        "z_seam_corner": { "default_value": "z_seam_corner_weighted" },
        
        "infill_before_walls": { "value": false },
        "infill_overlap": { "value": 50.0 },
        "skin_overlap": { "value": 10.0 },
        "infill_wipe_dist": { "value": 0.0 },
        "wall_0_wipe_dist": { "value": 0.0 },

        "fill_perimeter_gaps": { "value": "'everywhere'" },
        "fill_outline_gaps": { "value": false },
        "filter_out_tiny_gaps": { "value": true },

        
        "retraction_combing_max_distance": { "value": 30 },
        "travel_avoid_supports": { "value": true },
        "travel_retract_before_outer_wall": { "value": true },
        

        "cool_fan_full_layer": { "value": 3 },
        "cool_min_layer_time": { "value": 10 },

        "adhesion_type": { "value": "'brim'" },
		"skirt_brim_minimal_length": { "default_value": 150 },
		"brim_line_count": { "value": 3 },
		"brim_gap": { "value": "machine_nozzle_size" },

        "adaptive_layer_height_variation": { "value": 0.04 },
        "adaptive_layer_height_variation_step": { "value": 0.04 },
		"adaptive_layer_height_threshold": { "default_value": 0.24 },

        "meshfix_maximum_resolution": { "value": "0.1" },
		"meshfix_maximum_deviation": { "value": "0.1" },

        "support_angle": { "value": "math.floor(math.degrees(math.atan(line_width/2.0/layer_height)))" },
        "support_pattern": { "value": "'zigzag'" },
        "support_infill_rate": { "value": "0 if support_enable and support_structure == 'tree' else 20" },
        "support_use_towers": { "value": false },
        "support_xy_distance": { "value": "wall_line_width_0 * 2" },
        "support_xy_distance_overhang": { "value": "wall_line_width_0" },
        "support_z_distance": { "value": "layer_height if layer_height >= 0.16 else layer_height*2" },
        "support_xy_overrides_z": { "value": "'xy_overrides_z'" },
        "support_wall_count": { "value": 1 },
        "support_brim_enable": { "value": true },
        "support_brim_width": { "value": 3 },

        "support_interface_enable": { "value": true },
        "support_interface_height": { "value": "layer_height * 4" },
        "support_interface_density": { "value": 33.333 },
        "support_interface_pattern": { "value": "'grid'" },
        "support_interface_skip_height": { "value": 0.2 },
        "minimum_support_area": { "value": 2 },
        "minimum_interface_area": { "value": 10 },
		
		"bridge_settings_enabled": { "value": true },
		"bridge_wall_speed": { "value": 60 },
		"bridge_skin_speed": { "value": 60 },
		"bridge_enable_more_layers": { "default_value": false },
		
		"print_sequence": { "enabled": true }

    }
}
