{
    "version": 2,
	"inherits": "makertech_base",
    "name": "Proforge Original",
    "metadata": {
		"author": "Makertech",
		"visible": true,
        "file_formats": "text/x-gcode",
		"quality_definition": "makertech_base",


        "platform": "proforge_original_platform.stl",
        "platform_offset": [ -115, -57, 120]
		

    },

    "overrides": {
        "machine_extruder_count": { "default_value": 2 },
        "machine_heated_bed": { "default_value": true },
        "gantry_height": { "default_value": 80	},
        "machine_height": { "default_value": 240 },
        "machine_depth": { "default_value": 200 },
        "machine_width": { "default_value": 165 },
        
        "machine_start_gcode": {
            "default_value": ";----------Proforge Original Dual Start G-code---------- \nM140 S{material_bed_temperature_layer_0} ;Set Bed Temp \nM104 S{material_print_temperature_layer_0} T0; Heat up Hotend 1 (T0) \nM104 S{material_print_temperature_layer_0} T1; Heat up Hotend 2 (T1)\n M109 S{material_print_temperature_layer_0} T0; Wait for Hotend 1 (T0)  \n M109 S{material_print_temperature_layer_0} T1 ;Wait for Hotend 2 (T1) \nG28 ;Home \nG29 ;Autolevel Bed \nM420 Z5 ;Levelling fade off \nG1 F8000 X10 Y5 ;Move hotend to bottom left corner \n\n; ---Unique to your setup---\nG0 Z0.0 ;Set Z-offset in 0.1mm incriments (Increase if first layer too low)\n; --------------------------\n\nG92 Z{layer_height_0} ;Set to first layer height \nM82 ;absolute extrusion mode \nG92 E0 ;Zero Extruder \nG1 F1500 X145 E15 ;Prime Hotend\n; ----------Proforge Original Dual Start G-code----------"
        },
        "machine_end_gcode": {
            "default_value": "G91 ;Relative postioning\nG1 Z5 F600 ;Raise Hotend\nG90 ;Absolute postioning\nG28 X Y ;Home \nM104 S0 T0 ;Hotend 1 off \nM104 S0 T1 ;Hotend 2 off \nM140 S0 ;Bed off\nM84 ;Motors off"
        }
    }
}
